{
  "name": "被窝电影",
  "id": "com.example.fishplugin.movie.beiwodianying",
  "author": "",
  "version": "1.0.0+1",
  "runtime": "1-3",
  "time": "2022-01-26 12:49:23,2022-01-26 12:49:23",
  "tags": [
    "Sample"
  ],
  "deviceFlags": 1,
  "type": 0,
  "ref": {
    "categoryJs": "path:./js/category.js"
  },
  "pages": [
    {
      "id": "home",
      "url": "https://www.bei5dy.com/",
      "js": "path:./js/home.js"
    },
    {
      "id": "category_movie",
      "url": "https://www.bei5dy.com/vodshow/dianying-----------/",
      "js": "{{categoryJs}}"
    },
    {
      "id": "category_soap",
      "url": "https://www.bei5dy.com/vodshow/dianshiju-----------/",
      "js": "{{categoryJs}}"
    },
    {
      "id": "category_variety",
      "url": "https://www.bei5dy.com/vodshow/zongyi---%E7%BB%BC%E8%89%BA--------/",
      "js": "{{categoryJs}}"
    },
    {
      "id": "category_anim",
      "url": "https://www.bei5dy.com/vodshow/dongman---%E5%8A%A8%E6%BC%AB--------/",
      "js": "{{categoryJs}}"
    },
    {
      "id": "search",
      "url": "https://www.bei5dy.com/vodsearch/-------------/?wd=@st",
      "js": "path:./js/search.js"
    },
    {
      "id": "detail",
      "url": "",
      "js": "path:./js/detail.js"
    }
  ]
}
